<?xml version='1.0' encoding='utf-8'?>

<!DOCTYPE hibernate-configuration PUBLIC
        "-//Hibernate/Hibernate Configuration DTD 3.0//EN"
        "http://www.hibernate.org/dtd/hibernate-configuration-3.0.dtd">

<hibernate-configuration>

	<session-factory>
	
		<property name="connection.driver_class">com.mysql.jdbc.Driver</property>
		<property name="connection.url">jdbc:mysql://localhost:3306/gmsdb</property>
		<property name="connection.username">root</property>
		<property name="connection.password"></property>

		<!-- SQL dialect -->
		<property name="dialect">org.hibernate.dialect.MySQL5Dialect</property>
		<property name="current_session_context_class">thread</property>
			
		<property name="hibernate.cache.use_second_level_cache">true</property>
		<property name="hibernate.cache.use_query_cache">true</property>
		<property name="hibernate.cache.region.factory_class">org.hibernate.cache.ehcache.EhCacheRegionFactory</property>
		<property name="hibernate.cache.provider_class">net.sf.ehcache.hibernate.EhCacheProvider</property>

		<property name="hibernate.c3p0.min_size">5</property>
		<property name="hibernate.c3p0.max_size">20</property>
		<property name="hibernate.c3p0.timeout">300</property>
		<property name="hibernate.c3p0.max_statements">50</property>
		<property name="hibernate.c3p0.idle_test_period">3000</property>
		
		<property name="show_sql">true</property>
		<property name="hbm2ddl.auto">update</property>

		<mapping class="com.gadgets.online.model.stock.Description" />
		<mapping class="com.gadgets.online.model.stock.Electronics" />
		<mapping class="com.gadgets.online.model.stock.Gadgets" />
		<mapping class="com.gadgets.online.model.stock.Images" /> 
		<mapping class="com.gadgets.online.model.UserProfile" />
		<mapping class="com.gadgets.online.model.Address" />
		<mapping class="com.gadgets.online.model.UserCredential" />
		<mapping class="com.gadgets.online.model.stock.CartDetails" />

	</session-factory>

</hibernate-configuration>


